{"c":[73.410003662109,77.379997253418,68.339996337891,63.569999694824,73.449996948242,79.480003356934,91.199996948242,106.26000213623,129.03999328613,115.80999755859,108.86000061035,115.9700012207],"h":[73.48999786377,81.959999084473,81.809997558594,76,73.629997253418,81.059997558594,93.089996337891,106.41999816895,131,137.38999938965,125.38999938965,121.98000335693],"l":[64.069999694824,73.190002441406,64.089996337891,53.150001525879,59.229999542236,71.459999084473,79.300003051758,89.139999389648,107.88999938965,103.5,107.7200012207,107.33999633789],"o":[66.819999694824,74.059997558594,76.080001831055,70.569999694824,61.619998931885,71.559997558594,79.440002441406,91.279998779297,108.19999694824,129.03999328613,117.63999938965,109.33999633789],"s":"ok","t":[1575331200,1578009600,1580688000,1583193600,1585872000,1588464000,1591142400,1593734400,1596412800,1599091200,1601683200,1604361600],"v":[2395485440,2940051456,3020892928,6281327104,3266123264,2806640128,3243603456,3020454656,4070343680,3644057344,2895300096,133421000]}