{"c":[45.860000610352,47,45.479999542236,45.479999542236,52.389999389648,53.799999237061,52.610000610352,77.430000305176,90.819999694824,81.98999786377,75.290000915527,77.98999786377],"h":[47.310001373291,52.810001373291,59.270000457764,50.200000762939,58.630001068115,56.979999542236,59,78.959999084473,92.639999389648,94.279998779297,88.720001220703,87],"l":[37.150001525879,46.099998474121,41.040000915527,36.75,41.700000762939,49.090000152588,48.419998168945,51.599998474121,76.099998474121,73.849998474121,74.230003356934,73.76000213623],"o":[39.319999694824,46.860000610352,46.400001525879,47.419998168945,44.180000305176,51.069999694824,53.310001373291,52.630001068115,78.190002441406,91.919998168945,83.059997558594,75.940002441406],"s":"ok","t":[1575331200,1578009600,1580688000,1583193600,1585872000,1588464000,1591142400,1593734400,1596412800,1599091200,1601683200,1604361600],"v":[988280000,1231529984,1284589952,2096839936,1714919936,1193260032,1174690048,1563820032,1220519936,1168669952,1181240064,66682000]}