{"c":[1847.8399658203,2008.7199707031,1883.75,1949.7199707031,2474,2442.3701171875,2758.8200683594,3164.6799316406,3450.9599609375,3148.7299804688,3036.1499023438,3168.0400390625,3220.080078125],"h":[1901.4000244141,2055.7199707031,2185.9499511719,1996.3299560547,2475,2525.4499511719,2796,3344.2900390625,3495,3552.25,3496.2399902344,3366.8000488281,3248.75],"l":[1735,1815.3399658203,1811.1300048828,1626.0300292969,1889.1500244141,2256.3798828125,2437.1298828125,2754,3073,2871,3019,2950.1201171875,3158.669921875],"o":[1804.4000244141,1875,2010.5999755859,1906.4899902344,1932.9699707031,2336.8000488281,2448,2757.9899902344,3180.5100097656,3489.580078125,3208,3061.7399902344,3168.0400390625],"s":"ok","t":[1575331200,1578009600,1580688000,1583193600,1585872000,1588464000,1591142400,1593734400,1596412800,1599091200,1601683200,1604361600,1606953600],"v":[68522008,84839256,92555976,163844944,124631816,82620880,87845664,127513568,83535224,115969968,116252112,90779056,0]}