{"c":[205.25,201.91000366211,192.4700012207,166.80000305176,204.71000671387,225.08999633789,227.07000732422,253.66999816895,293.20001220703,261.89999389648,263.10998535156,276.9700012207,286.54998779297],"h":[208.92999267578,224.19999694824,218.75999450684,197.24000549316,209.69000244141,240.89999389648,245.19000244141,255.85000610352,304.67001342773,303.60000610352,285.23999023438,297.38000488281,289.26000976562],"l":[193.16999816895,201.05999755859,181.82000732422,137.10000610352,150.83000183105,198.75999450684,207.11000061035,226.89999389648,247.42999267578,244.13000488281,254.82000732422,257.33999633789,276.9700012207],"o":[202.13000488281,206.75,203.44000244141,194.0299987793,161.61999511719,201.60000610352,224.58999633789,228.5,252.64999389648,294.70999145508,265.35000610352,264.60000610352,276.9700012207],"s":"ok","t":[1575331200,1578009600,1580688000,1583193600,1585872000,1588464000,1591142400,1593734400,1596412800,1599091200,1601683200,1604361600,1606953600],"v":[278225696,348100480,317634496,649513152,541538944,509636736,548043712,517670144,574314176,499179584,454180000,356660000,20602728]}