{"c":[1339.3900146484,1432.7800292969,1339.25,1161.9499511719,1346.6999511719,1433.5200195312,1418.0500488281,1487.9499511719,1629.5300292969,1465.5999755859,1616.1099853516,1737.7199707031],"h":[1367.0699462891,1500.5810546875,1530.7399902344,1408.1899414062,1360.1500244141,1445.1099853516,1475.7900390625,1587.0500488281,1652.7900390625,1726.1020507812,1681.3149414062,1816.8900146484],"l":[1277.0500488281,1346.4899902344,1268.2099609375,1008.8699951172,1075.0799560547,1296.0100097656,1351.6500244141,1414.1800537109,1464.0300292969,1402.1500244141,1433.2299804688,1614.0300292969],"o":[1302.5600585938,1348.4100341797,1461.6500244141,1351.3900146484,1124,1324.0899658203,1425.6999511719,1419.1700439453,1491,1632.1600341797,1483.6610107422,1628],"s":"ok","t":[1575331200,1578009600,1580688000,1583193600,1585872000,1588464000,1591142400,1593734400,1596412800,1599091200,1601683200,1604361600],"v":[28279816,33700320,41565156,78549992,56214524,36263500,40715936,41156932,30733576,41834280,42753028,2087435]}