{"c":[59.849998474121,63.930000305176,55.520000457764,54.119998931885,59.979999542236,62.930000305176,59.830001831055,47.729999542236,50.950000762939,51.779998779297,44.279998779297,48.349998474121,49.560001373291],"h":[60.479999542236,69.290000915527,68.089996337891,59.020000457764,62.130001068115,64.139999389648,65.110000610352,61.927501678467,51.5,52.680000305176,56.229999542236,48.5,50.189998626709],"l":[55.75,58.520000457764,53.599998474121,43.630001068115,51.220001220703,56.099998474121,56.759998321533,46.970001220703,47.700000762939,48.419998168945,43.610000610352,44.240001678467,48.349998474121],"o":[58.549999237061,60.240001678467,64.455001831055,55.790000915527,52.5,58.830001831055,62.48509979248,59.909999847412,48.270000457764,50.909999847412,52.400001525879,44.959999084473,48.349998474121],"s":"ok","t":[1575331200,1578009600,1580688000,1583193600,1585872000,1588464000,1591142400,1593734400,1596412800,1599091200,1601683200,1604361600,1606953600],"v":[420760000,533980000,441560000,961070016,617699968,409289984,570569984,808710016,667080000,680630016,738470016,670819968,0]}