{"c":[157.69999694824,170.22999572754,162.00999450684,157.71000671387,179.21000671387,183.25,203.50999450684,205.00999450684,225.5299987793,210.33000183105,202.4700012207,211.00999450684],"h":[159.55000305176,174.05000305176,190.69999694824,175,180.39999389648,187.50999450684,204.39999389648,216.38000488281,231.14999389648,232.86000061035,225.21000671387,228.11000061035],"l":[146.64999389648,156.50999450684,152,132.52000427246,150.36000061035,173.80000305176,181.35000610352,197.50999450684,203.13999938965,196.25,199.61999511719,200.13999938965],"o":[151.80999755859,158.7799987793,170.42999267578,165.30999755859,153,175.80000305176,182.53999328613,203.13999938965,211.52000427246,225.50999450684,213.49000549316,204.14999389648],"s":"ok","t":[1575331200,1578009600,1580688000,1583193600,1585872000,1588464000,1591142400,1593734400,1596412800,1599091200,1601683200,1604361600],"v":[452660000,559249984,887889984,1612950016,984809984,688960000,765009984,770510016,692499968,768529984,631670016,43859348]}