{"c":[323.57000732422,345.08999633789,369.0299987793,375.5,419.85000610352,419.73001098633,455.04000854492,488.88000488281,529.55999755859,500.0299987793,475.73999023438,490.70001220703,504.57998657227],"h":[338,359.85000610352,392.95001220703,393.51998901367,449.51998901367,458.9700012207,474.01000976562,575.36999511719,549.03997802734,557.38952636719,572.48999023438,518.73370361328,509.4700012207],"l":[292.01998901367,321.20001220703,346.2799987793,290.25,357.51000976562,397.85998535156,404.25,454,466.54998779297,458.60000610352,472.20999145508,463.41000366211,490.70001220703],"o":[314.39001464844,326.10000610352,347.23999023438,373.10998535156,376.04998779297,415.10000610352,418.82998657227,454,490.85998535156,532.59997558594,506.0299987793,478.86999511719,490.70001220703],"s":"ok","t":[1575331200,1578009600,1580688000,1583193600,1585872000,1588464000,1591142400,1593734400,1596412800,1599091200,1601683200,1604361600,1606953600],"v":[125112000,169799008,114109000,202007008,225162000,135096992,117294000,232228000,116272000,118815000,154319008,91785000,0]}