{"c":[235.30000305176,236.42999267578,270.07000732422,263.60000610352,292.2799987793,355.01998901367,379.91000366211,424.58999633789,534.97998046875,541.21997070312,501.35998535156,510.79998779297],"h":[241.80999755859,259.5,316.32000732422,284.89001464844,304.20001220703,367.26998901367,385.70001220703,431.68991088867,543,589.06988525391,573.93988037109,587.55999755859],"l":[200.36999511719,231.27000427246,235.44999694824,180.68069458008,238.38999938965,280.84320068359,346.32000732422,376.51998901367,428.60998535156,468.17001342773,492,495.89001464844],"o":[216.46000671387,238.75,235.69999694824,276.89999389648,255.64999389648,284.35000610352,353.32998657227,380.82998657227,429.29998779297,539.20001220703,550.32000732422,505.26998901367],"s":"ok","t":[1575331200,1578009600,1580688000,1583193600,1585872000,1588464000,1591142400,1593734400,1596412800,1599091200,1601683200,1604361600],"v":[164328992,153320000,296380000,394438016,282016992,313835008,243002000,202382000,241848992,396512000,200592992,15974700]}