{"c":[83.669998168945,130.11000061035,133.60000610352,104.80000305176,156.38000488281,167,215.96000671387,286.14999389648,498.32000732422,429.01000976562,388.04000854492,567.59997558594,584.76000976562],"h":[87.059997558594,130.60000610352,193.80000305176,161.39999389648,173.96000671387,168.66000366211,217.53999328613,359,500.14001464844,502.2799987793,465.89999389648,607.79998779297,597.33001708984],"l":[65.449996948242,84.339996337891,122.30000305176,70.099998474121,89.279998779297,136.61000061035,170.82000732422,216.10000610352,273,330.01000976562,379.10998535156,392.29998779297,567.59997558594],"o":[65.879997253418,84.900001525879,134.74000549316,142.25,100.80000305176,151,171.60000610352,216.60000610352,289.83999633789,498.32000732422,440.76000976562,394,567.59997558594],"s":"ok","t":[1575331200,1578009600,1580688000,1583193600,1585872000,1588464000,1591142400,1593734400,1596412800,1599091200,1601683200,1604361600,1606953600],"v":[1036952256,2041524608,2367529984,2105336448,1907812096,1364238208,1279592320,1893611008,1557877120,1638465536,833910016,779580032,0]}